id,visit_id,utm_source,utm_medium,utm_campaign,utm_term,utm_content,referrer,user_agent,ip,ip_details,created_at
1,f5619def-07bd-4b28-94f0-c694ce9708d8,,,,,,,"Mozilla/5.0 (Macintosh; Intel Mac OS X 10_15_7) AppleWebKit/537.36 (KHTML, like Gecko) Chrome/143.0.0.0 Safari/537.36",3.111.29.1,"{""endpoint"":""https://ipapi.co/3.111.29.1/json/"",""response"":{""error"":true,""reason"":""RateLimited"",""message"":""Visit https://ipapi.co/ratelimited/ for details""}}",2026-01-01 18:57:58
2,f5619def-07bd-4b28-94f0-c694ce9708d8,,,,,,,"Mozilla/5.0 (Linux; Android 6.0; Nexus 5 Build/MRA58N) AppleWebKit/537.36 (KHTML, like Gecko) Chrome/143.0.0.0 Mobile Safari/537.36",3.111.29.1,"{""endpoint"":""https://ipapi.co/3.111.29.1/json/"",""response"":{""error"":true,""reason"":""RateLimited"",""message"":""Visit https://ipapi.co/ratelimited/ for details""}}",2026-01-01 18:58:05
3,f5619def-07bd-4b28-94f0-c694ce9708d8,,,,,,,"Mozilla/5.0 (Macintosh; Intel Mac OS X 10_15_7) AppleWebKit/537.36 (KHTML, like Gecko) Chrome/143.0.0.0 Safari/537.36",3.111.29.1,"{""endpoint"":""https://ipapi.co/3.111.29.1/json/"",""response"":{""error"":true,""reason"":""RateLimited"",""message"":""Visit https://ipapi.co/ratelimited/ for details""}}",2026-01-01 18:58:16
4,e816bee1-e979-4781-9878-80e28e24366f,,,,,,,"Mozilla/5.0 (iPhone; CPU iPhone OS 18_7 like Mac OS X) AppleWebKit/605.1.15 (KHTML, like Gecko) Version/18.7.2 Mobile/15E148 Safari/604.1",3.111.29.1,"{""endpoint"":""https://ipapi.co/3.111.29.1/json/"",""response"":{""ip"":""3.111.29.1"",""network"":""3.111.0.0/18"",""version"":""IPv4"",""city"":""Mumbai"",""region"":""Maharashtra"",""region_code"":""MH"",""country"":""IN"",""country_name"":""India"",""country_code"":""IN"",""country_code_iso3"":""IND"",""country_capital"":""New Delhi"",""country_tld"":"".in"",""continent_code"":""AS"",""in_eu"":false,""postal"":""400072"",""latitude"":19.0931,""longitude"":72.9049,""timezone"":""Asia/Kolkata"",""utc_offset"":""+0530"",""country_calling_code"":""+91"",""currency"":""INR"",""currency_name"":""Rupee"",""languages"":""en-IN,hi,bn,te,mr,ta,ur,gu,kn,ml,or,pa,as,bh,sat,ks,ne,sd,kok,doi,mni,sit,sa,fr,lus,inc"",""country_area"":3287590,""country_population"":1352617328,""asn"":""AS16509"",""org"":""AMAZON-02""}}",2026-01-01 19:00:06
5,de7737eb-d32f-4113-a338-22efba952f67,,,,,,,"Mozilla/5.0 (Macintosh; Intel Mac OS X 10_15_7) AppleWebKit/537.36 (KHTML, like Gecko) Chrome/143.0.0.0 Safari/537.36",3.111.29.1,"{""endpoint"":""https://ipapi.co/3.111.29.1/json/"",""response"":{""ip"":""3.111.29.1"",""network"":""3.111.0.0/18"",""version"":""IPv4"",""city"":""Mumbai"",""region"":""Maharashtra"",""region_code"":""MH"",""country"":""IN"",""country_name"":""India"",""country_code"":""IN"",""country_code_iso3"":""IND"",""country_capital"":""New Delhi"",""country_tld"":"".in"",""continent_code"":""AS"",""in_eu"":false,""postal"":""400072"",""latitude"":19.0931,""longitude"":72.9049,""timezone"":""Asia/Kolkata"",""utc_offset"":""+0530"",""country_calling_code"":""+91"",""currency"":""INR"",""currency_name"":""Rupee"",""languages"":""en-IN,hi,bn,te,mr,ta,ur,gu,kn,ml,or,pa,as,bh,sat,ks,ne,sd,kok,doi,mni,sit,sa,fr,lus,inc"",""country_area"":3287590,""country_population"":1352617328,""asn"":""AS16509"",""org"":""AMAZON-02""}}",2026-01-01 19:04:14
6,de7737eb-d32f-4113-a338-22efba952f67,,,,,,,"Mozilla/5.0 (Macintosh; Intel Mac OS X 10_15_7) AppleWebKit/537.36 (KHTML, like Gecko) Chrome/143.0.0.0 Safari/537.36",3.111.29.1,"{""endpoint"":""https://ipapi.co/3.111.29.1/json/"",""response"":{""ip"":""3.111.29.1"",""network"":""3.111.0.0/18"",""version"":""IPv4"",""city"":""Mumbai"",""region"":""Maharashtra"",""region_code"":""MH"",""country"":""IN"",""country_name"":""India"",""country_code"":""IN"",""country_code_iso3"":""IND"",""country_capital"":""New Delhi"",""country_tld"":"".in"",""continent_code"":""AS"",""in_eu"":false,""postal"":""400072"",""latitude"":19.0931,""longitude"":72.9049,""timezone"":""Asia/Kolkata"",""utc_offset"":""+0530"",""country_calling_code"":""+91"",""currency"":""INR"",""currency_name"":""Rupee"",""languages"":""en-IN,hi,bn,te,mr,ta,ur,gu,kn,ml,or,pa,as,bh,sat,ks,ne,sd,kok,doi,mni,sit,sa,fr,lus,inc"",""country_area"":3287590,""country_population"":1352617328,""asn"":""AS16509"",""org"":""AMAZON-02""}}",2026-01-01 19:04:23
7,5618a627-ad43-45ca-965b-c1543cada4a2,,,,,,,"Mozilla/5.0 (Linux; Android 10; K) AppleWebKit/537.36 (KHTML, like Gecko) Chrome/143.0.0.0 Mobile Safari/537.36",3.111.29.1,"{""endpoint"":""https://ipapi.co/3.111.29.1/json/"",""response"":{""error"":true,""reason"":""RateLimited"",""message"":""Visit https://ipapi.co/ratelimited/ for details""}}",2026-01-01 19:12:36
8,5618a627-ad43-45ca-965b-c1543cada4a2,,,,,,,"Mozilla/5.0 (Linux; Android 10; K) AppleWebKit/537.36 (KHTML, like Gecko) Chrome/143.0.0.0 Mobile Safari/537.36",3.111.29.1,"{""endpoint"":""https://ipapi.co/3.111.29.1/json/"",""response"":{""error"":true,""reason"":""RateLimited"",""message"":""Visit https://ipapi.co/ratelimited/ for details""}}",2026-01-01 19:12:41
9,5618a627-ad43-45ca-965b-c1543cada4a2,,,,,,,"Mozilla/5.0 (Linux; Android 10; K) AppleWebKit/537.36 (KHTML, like Gecko) Chrome/143.0.0.0 Mobile Safari/537.36",3.111.29.1,"{""endpoint"":""https://ipapi.co/3.111.29.1/json/"",""response"":{""error"":true,""reason"":""RateLimited"",""message"":""Visit https://ipapi.co/ratelimited/ for details""}}",2026-01-01 19:12:47
10,5618a627-ad43-45ca-965b-c1543cada4a2,,,,,,,"Mozilla/5.0 (Linux; Android 10; K) AppleWebKit/537.36 (KHTML, like Gecko) Chrome/143.0.0.0 Mobile Safari/537.36",3.111.29.1,"{""endpoint"":""https://ipapi.co/3.111.29.1/json/"",""response"":{""error"":true,""reason"":""RateLimited"",""message"":""Visit https://ipapi.co/ratelimited/ for details""}}",2026-01-01 19:12:50
11,5618a627-ad43-45ca-965b-c1543cada4a2,,,,,,,"Mozilla/5.0 (Linux; Android 10; K) AppleWebKit/537.36 (KHTML, like Gecko) Chrome/143.0.0.0 Mobile Safari/537.36",3.111.29.1,"{""endpoint"":""https://ipapi.co/3.111.29.1/json/"",""response"":{""error"":true,""reason"":""RateLimited"",""message"":""Visit https://ipapi.co/ratelimited/ for details""}}",2026-01-01 19:12:53
12,bba97e32-59ff-4a2c-8a71-1d8e34b94130,,,,,,,"Mozilla/5.0 (Macintosh; Intel Mac OS X 10_15_7) AppleWebKit/537.36 (KHTML, like Gecko) Chrome/143.0.0.0 Safari/537.36",3.111.29.1,"{""endpoint"":""https://ipapi.co/3.111.29.1/json/"",""response"":{""error"":true,""reason"":""RateLimited"",""message"":""Visit https://ipapi.co/ratelimited/ for details""}}",2026-01-01 19:13:27
13,bba97e32-59ff-4a2c-8a71-1d8e34b94130,,,,,,,"Mozilla/5.0 (Macintosh; Intel Mac OS X 10_15_7) AppleWebKit/537.36 (KHTML, like Gecko) Chrome/143.0.0.0 Safari/537.36",3.111.29.1,"{""endpoint"":""https://ipapi.co/3.111.29.1/json/"",""response"":{""error"":true,""reason"":""RateLimited"",""message"":""Visit https://ipapi.co/ratelimited/ for details""}}",2026-01-01 19:16:05
14,bba97e32-59ff-4a2c-8a71-1d8e34b94130,,,,,,,"Mozilla/5.0 (Macintosh; Intel Mac OS X 10_15_7) AppleWebKit/537.36 (KHTML, like Gecko) Chrome/143.0.0.0 Safari/537.36",3.111.29.1,"{""endpoint"":""https://ipapi.co/3.111.29.1/json/"",""response"":{""error"":true,""reason"":""RateLimited"",""message"":""Visit https://ipapi.co/ratelimited/ for details""}}",2026-01-01 19:16:13
15,e816bee1-e979-4781-9878-80e28e24366f,,,,,,,"Mozilla/5.0 (iPhone; CPU iPhone OS 18_7 like Mac OS X) AppleWebKit/605.1.15 (KHTML, like Gecko) Version/18.7.2 Mobile/15E148 Safari/604.1",3.111.29.1,"{""endpoint"":""https://ipapi.co/3.111.29.1/json/"",""response"":{""ip"":""3.111.29.1"",""network"":""3.111.0.0/18"",""version"":""IPv4"",""city"":""Mumbai"",""region"":""Maharashtra"",""region_code"":""MH"",""country"":""IN"",""country_name"":""India"",""country_code"":""IN"",""country_code_iso3"":""IND"",""country_capital"":""New Delhi"",""country_tld"":"".in"",""continent_code"":""AS"",""in_eu"":false,""postal"":""400072"",""latitude"":19.0931,""longitude"":72.9049,""timezone"":""Asia/Kolkata"",""utc_offset"":""+0530"",""country_calling_code"":""+91"",""currency"":""INR"",""currency_name"":""Rupee"",""languages"":""en-IN,hi,bn,te,mr,ta,ur,gu,kn,ml,or,pa,as,bh,sat,ks,ne,sd,kok,doi,mni,sit,sa,fr,lus,inc"",""country_area"":3287590,""country_population"":1352617328,""asn"":""AS16509"",""org"":""AMAZON-02""}}",2026-01-02 04:22:42
16,e816bee1-e979-4781-9878-80e28e24366f,,,,,,,"Mozilla/5.0 (iPhone; CPU iPhone OS 18_7 like Mac OS X) AppleWebKit/605.1.15 (KHTML, like Gecko) Version/18.7.2 Mobile/15E148 Safari/604.1",3.111.29.1,"{""endpoint"":""https://ipapi.co/3.111.29.1/json/"",""response"":{""error"":true,""reason"":""RateLimited"",""message"":""Visit https://ipapi.co/ratelimited/ for details""}}",2026-01-02 04:22:52
17,ef5bdac3-9f95-4e98-8fad-1a34d906de41,,,,,,,"Mozilla/5.0 (iPhone; CPU iPhone OS 18_7_2 like Mac OS X) AppleWebKit/605.1.15 (KHTML, like Gecko) CriOS/143.0.7499.151 Mobile/15E148 Safari/604.1",3.111.29.1,"{""endpoint"":""https://ipapi.co/3.111.29.1/json/"",""response"":{""error"":true,""reason"":""RateLimited"",""message"":""Visit https://ipapi.co/ratelimited/ for details""}}",2026-01-02 04:23:11
18,bba97e32-59ff-4a2c-8a71-1d8e34b94130,,,,,,,"Mozilla/5.0 (Macintosh; Intel Mac OS X 10_15_7) AppleWebKit/537.36 (KHTML, like Gecko) Chrome/143.0.0.0 Safari/537.36",3.111.29.1,"{""endpoint"":""https://ipapi.co/3.111.29.1/json/"",""response"":{""error"":true,""reason"":""RateLimited"",""message"":""Visit https://ipapi.co/ratelimited/ for details""}}",2026-01-02 05:27:02
19,e816bee1-e979-4781-9878-80e28e24366f,,,,,,,"Mozilla/5.0 (iPhone; CPU iPhone OS 18_7 like Mac OS X) AppleWebKit/605.1.15 (KHTML, like Gecko) Version/18.7.2 Mobile/15E148 Safari/604.1",3.111.29.1,"{""endpoint"":""https://ipapi.co/3.111.29.1/json/"",""response"":{""error"":true,""reason"":""RateLimited"",""message"":""Visit https://ipapi.co/ratelimited/ for details""}}",2026-01-02 06:00:23
20,ef5bdac3-9f95-4e98-8fad-1a34d906de41,,,,,,,"Mozilla/5.0 (iPhone; CPU iPhone OS 18_7_2 like Mac OS X) AppleWebKit/605.1.15 (KHTML, like Gecko) CriOS/143.0.7499.151 Mobile/15E148 Safari/604.1",3.111.29.1,"{""endpoint"":""https://ipapi.co/3.111.29.1/json/"",""response"":{""error"":true,""reason"":""RateLimited"",""message"":""Visit https://ipapi.co/ratelimited/ for details""}}",2026-01-02 06:01:02
21,ef5bdac3-9f95-4e98-8fad-1a34d906de41,,,,,,,"Mozilla/5.0 (iPhone; CPU iPhone OS 18_7_2 like Mac OS X) AppleWebKit/605.1.15 (KHTML, like Gecko) CriOS/143.0.7499.151 Mobile/15E148 Safari/604.1",3.111.29.1,"{""endpoint"":""https://ipapi.co/3.111.29.1/json/"",""response"":{""ip"":""3.111.29.1"",""network"":""3.111.0.0/18"",""version"":""IPv4"",""city"":""Mumbai"",""region"":""Maharashtra"",""region_code"":""MH"",""country"":""IN"",""country_name"":""India"",""country_code"":""IN"",""country_code_iso3"":""IND"",""country_capital"":""New Delhi"",""country_tld"":"".in"",""continent_code"":""AS"",""in_eu"":false,""postal"":""400072"",""latitude"":19.0931,""longitude"":72.9049,""timezone"":""Asia/Kolkata"",""utc_offset"":""+0530"",""country_calling_code"":""+91"",""currency"":""INR"",""currency_name"":""Rupee"",""languages"":""en-IN,hi,bn,te,mr,ta,ur,gu,kn,ml,or,pa,as,bh,sat,ks,ne,sd,kok,doi,mni,sit,sa,fr,lus,inc"",""country_area"":3287590,""country_population"":1352617328,""asn"":""AS16509"",""org"":""AMAZON-02""}}",2026-01-02 06:01:07
22,ef5bdac3-9f95-4e98-8fad-1a34d906de41,,,,,,,"Mozilla/5.0 (iPhone; CPU iPhone OS 18_7_2 like Mac OS X) AppleWebKit/605.1.15 (KHTML, like Gecko) CriOS/143.0.7499.151 Mobile/15E148 Safari/604.1",3.111.29.1,"{""endpoint"":""https://ipapi.co/3.111.29.1/json/"",""response"":{""error"":true,""reason"":""RateLimited"",""message"":""Visit https://ipapi.co/ratelimited/ for details""}}",2026-01-02 06:01:19
23,e816bee1-e979-4781-9878-80e28e24366f,,,,,,,"Mozilla/5.0 (iPhone; CPU iPhone OS 18_7 like Mac OS X) AppleWebKit/605.1.15 (KHTML, like Gecko) Version/18.7.2 Mobile/15E148 Safari/604.1",3.111.29.1,"{""endpoint"":""https://ipapi.co/3.111.29.1/json/"",""response"":{""error"":true,""reason"":""RateLimited"",""message"":""Visit https://ipapi.co/ratelimited/ for details""}}",2026-01-02 06:20:01
24,bba97e32-59ff-4a2c-8a71-1d8e34b94130,,,,,,,"Mozilla/5.0 (Macintosh; Intel Mac OS X 10_15_7) AppleWebKit/537.36 (KHTML, like Gecko) Chrome/143.0.0.0 Safari/537.36",3.111.29.1,"{""endpoint"":""https://ipapi.co/3.111.29.1/json/"",""response"":{""error"":true,""reason"":""RateLimited"",""message"":""Visit https://ipapi.co/ratelimited/ for details""}}",2026-01-02 07:25:43
25,4f80137c-a7f5-4009-9a4c-c47a70affb98,,,,,,,"Mozilla/5.0 (Linux; Android 10; K) AppleWebKit/537.36 (KHTML, like Gecko) Chrome/143.0.0.0 Mobile Safari/537.36",3.111.29.1,"{""endpoint"":""https://ipapi.co/3.111.29.1/json/"",""response"":{""error"":true,""reason"":""RateLimited"",""message"":""Visit https://ipapi.co/ratelimited/ for details""}}",2026-01-02 07:26:20
26,45f85db3-982c-4de7-a004-47a41a06e114,,,,,,,"Mozilla/5.0 (Linux; Android 10; K) AppleWebKit/537.36 (KHTML, like Gecko) Chrome/143.0.0.0 Mobile Safari/537.36",3.111.29.1,"{""endpoint"":""https://ipapi.co/3.111.29.1/json/"",""response"":{""error"":true,""reason"":""RateLimited"",""message"":""Visit https://ipapi.co/ratelimited/ for details""}}",2026-01-02 07:28:12
27,f87501ad-1d8a-4ccf-9f90-b70eca2386fc,,,,,,,"Mozilla/5.0 (Linux; Android 10; K) AppleWebKit/537.36 (KHTML, like Gecko) Chrome/143.0.0.0 Mobile Safari/537.36",3.111.29.1,"{""endpoint"":""https://ipapi.co/3.111.29.1/json/"",""response"":{""error"":true,""reason"":""RateLimited"",""message"":""Visit https://ipapi.co/ratelimited/ for details""}}",2026-01-02 07:39:36
28,59545359-f84a-4e2e-b394-50711e99afeb,,,,,,,"Mozilla/5.0 (Windows NT 10.0; Win64; x64) AppleWebKit/537.36 (KHTML, like Gecko) Chrome/143.0.0.0 Safari/537.36",3.111.29.1,"{""endpoint"":""https://ipapi.co/3.111.29.1/json/"",""response"":{""error"":true,""reason"":""RateLimited"",""message"":""Visit https://ipapi.co/ratelimited/ for details""}}",2026-01-02 07:40:32
29,45f85db3-982c-4de7-a004-47a41a06e114,,,,,,,"Mozilla/5.0 (Linux; Android 10; K) AppleWebKit/537.36 (KHTML, like Gecko) Chrome/143.0.0.0 Mobile Safari/537.36",3.111.29.1,"{""endpoint"":""https://ipapi.co/3.111.29.1/json/"",""response"":{""error"":true,""reason"":""RateLimited"",""message"":""Visit https://ipapi.co/ratelimited/ for details""}}",2026-01-02 08:22:09
30,59545359-f84a-4e2e-b394-50711e99afeb,,,,,,,"Mozilla/5.0 (Windows NT 10.0; Win64; x64) AppleWebKit/537.36 (KHTML, like Gecko) Chrome/143.0.0.0 Safari/537.36",3.111.29.1,"{""endpoint"":""https://ipapi.co/3.111.29.1/json/"",""response"":{""ip"":""3.111.29.1"",""network"":""3.111.0.0/18"",""version"":""IPv4"",""city"":""Mumbai"",""region"":""Maharashtra"",""region_code"":""MH"",""country"":""IN"",""country_name"":""India"",""country_code"":""IN"",""country_code_iso3"":""IND"",""country_capital"":""New Delhi"",""country_tld"":"".in"",""continent_code"":""AS"",""in_eu"":false,""postal"":""400072"",""latitude"":19.0931,""longitude"":72.9049,""timezone"":""Asia/Kolkata"",""utc_offset"":""+0530"",""country_calling_code"":""+91"",""currency"":""INR"",""currency_name"":""Rupee"",""languages"":""en-IN,hi,bn,te,mr,ta,ur,gu,kn,ml,or,pa,as,bh,sat,ks,ne,sd,kok,doi,mni,sit,sa,fr,lus,inc"",""country_area"":3287590,""country_population"":1352617328,""asn"":""AS16509"",""org"":""AMAZON-02""}}",2026-01-02 08:39:47
31,10bbc8cd-9222-463a-a1b2-f3beee502413,,,,,,,"Mozilla/5.0 (Linux; Android 10; K) AppleWebKit/537.36 (KHTML, like Gecko) SamsungBrowser/29.0 Chrome/136.0.0.0 Mobile Safari/537.36","{""error"":true,""reason"":""RateLimited"",""message"":""Visit https://ipapi.co/ratelimited/ for details""}",,2026-01-02 09:11:46
32,1ffab199-2737-47c9-9e67-5dd3f06969a9,,,,,,,"Mozilla/5.0 (Macintosh; Intel Mac OS X 10_15_7) AppleWebKit/537.36 (KHTML, like Gecko) Chrome/143.0.0.0 Safari/537.36",3.111.29.1,"{""endpoint"":""https://ipapi.co/3.111.29.1/json/"",""response"":{""error"":true,""reason"":""RateLimited"",""message"":""Visit https://ipapi.co/ratelimited/ for details""}}",2026-01-02 09:25:30
33,0fe8bf4a-e9e3-440c-ac37-e332c942a438,,,,,,,"Mozilla/5.0 (Macintosh; Intel Mac OS X 10_15_7) AppleWebKit/537.36 (KHTML, like Gecko) Chrome/143.0.0.0 Safari/537.36",3.111.29.1,"{""endpoint"":""https://ipapi.co/3.111.29.1/json/"",""response"":{""error"":true,""reason"":""RateLimited"",""message"":""Visit https://ipapi.co/ratelimited/ for details""}}",2026-01-02 09:55:19
34,36aee50e-aaaa-407b-8277-d3464d9a1d32,,,,,,,"Mozilla/5.0 (iPhone; CPU iPhone OS 18_2_1 like Mac OS X) AppleWebKit/605.1.15 (KHTML, like Gecko) Version/18.2 Mobile/15E148 Safari/604.1",,,2026-01-02 12:14:36
35,75d5dfec-5f1a-4658-86ab-7fac2724c1b4,,,,,,,"Mozilla/5.0 (iPhone; CPU iPhone OS 18_2_1 like Mac OS X) AppleWebKit/605.1.15 (KHTML, like Gecko) Version/18.2 Mobile/15E148 Safari/604.1",3.111.29.1,"{""endpoint"":""https://ipapi.co/3.111.29.1/json/"",""response"":{""error"":true,""reason"":""RateLimited"",""message"":""Visit https://ipapi.co/ratelimited/ for details""}}",2026-01-02 12:14:45
36,4cd5caa1-be9c-44b4-bf3a-b969c96dee3c,,,,,,,"Mozilla/5.0 (Macintosh; Intel Mac OS X 10_15_7) AppleWebKit/537.36 (KHTML, like Gecko) Chrome/141.0.0.0 Safari/537.36 OPR/125.0.0.0",3.111.29.1,"{""endpoint"":""https://ipapi.co/3.111.29.1/json/"",""response"":{""error"":true,""reason"":""RateLimited"",""message"":""Visit https://ipapi.co/ratelimited/ for details""}}",2026-01-02 12:37:53
37,bba97e32-59ff-4a2c-8a71-1d8e34b94130,,,,,,,"Mozilla/5.0 (Macintosh; Intel Mac OS X 10_15_7) AppleWebKit/537.36 (KHTML, like Gecko) Chrome/143.0.0.0 Safari/537.36",3.111.29.1,"{""endpoint"":""https://ipapi.co/3.111.29.1/json/"",""response"":{""error"":true,""reason"":""RateLimited"",""message"":""Visit https://ipapi.co/ratelimited/ for details""}}",2026-01-02 13:23:23
38,bba97e32-59ff-4a2c-8a71-1d8e34b94130,,,,,,,"Mozilla/5.0 (Macintosh; Intel Mac OS X 10_15_7) AppleWebKit/537.36 (KHTML, like Gecko) Chrome/143.0.0.0 Safari/537.36",3.111.29.1,"{""endpoint"":""https://ipapi.co/3.111.29.1/json/"",""response"":{""error"":true,""reason"":""RateLimited"",""message"":""Visit https://ipapi.co/ratelimited/ for details""}}",2026-01-02 13:28:07
39,5edaa9e6-81bd-4b92-b239-f3d86eea0ba1,,,,,,,"Mozilla/5.0 (Linux; Android 10; K) AppleWebKit/537.36 (KHTML, like Gecko) Chrome/143.0.0.0 Mobile Safari/537.36",3.111.29.1,"{""endpoint"":""https://ipapi.co/3.111.29.1/json/"",""response"":{""error"":true,""reason"":""RateLimited"",""message"":""Visit https://ipapi.co/ratelimited/ for details""}}",2026-01-02 13:29:42
40,bba97e32-59ff-4a2c-8a71-1d8e34b94130,,,,,,,"Mozilla/5.0 (Macintosh; Intel Mac OS X 10_15_7) AppleWebKit/537.36 (KHTML, like Gecko) Chrome/143.0.0.0 Safari/537.36",3.111.29.1,"{""endpoint"":""https://ipapi.co/3.111.29.1/json/"",""response"":{""error"":true,""reason"":""RateLimited"",""message"":""Visit https://ipapi.co/ratelimited/ for details""}}",2026-01-02 13:32:55
41,30019f91-a549-4c4f-a1e1-88822e3279fb,,,,,,,"Mozilla/5.0 (Windows NT 10.0; Win64; x64) AppleWebKit/537.36 (KHTML, like Gecko) Chrome/143.0.0.0 Safari/537.36",3.111.29.1,"{""endpoint"":""https://ipapi.co/3.111.29.1/json/"",""response"":{""error"":true,""reason"":""RateLimited"",""message"":""Visit https://ipapi.co/ratelimited/ for details""}}",2026-01-02 13:33:46
42,2bbeb74d-de4b-44e1-9476-27c7b7a709dc,,,,,,,"Mozilla/5.0 (Linux; Android 10; K) AppleWebKit/537.36 (KHTML, like Gecko) Chrome/143.0.0.0 Mobile Safari/537.36",3.111.29.1,"{""endpoint"":""https://ipapi.co/3.111.29.1/json/"",""response"":{""error"":true,""reason"":""RateLimited"",""message"":""Visit https://ipapi.co/ratelimited/ for details""}}",2026-01-02 13:52:18
43,0a2cfa05-cea6-4101-a4f4-5641845fb527,,,,,,,"Mozilla/5.0 (Windows NT 10.0; Win64; x64) AppleWebKit/537.36 (KHTML, like Gecko) Chrome/143.0.0.0 Safari/537.36",3.111.29.1,"{""endpoint"":""https://ipapi.co/3.111.29.1/json/"",""response"":{""error"":true,""reason"":""RateLimited"",""message"":""Visit https://ipapi.co/ratelimited/ for details""}}",2026-01-02 13:56:38
44,1259d046-637d-4d86-b66f-53523adabcd0,,,,,,,"Mozilla/5.0 (Linux; Android 10; K) AppleWebKit/537.36 (KHTML, like Gecko) SamsungBrowser/29.0 Chrome/136.0.0.0 Mobile Safari/537.36",3.111.29.1,"{""endpoint"":""https://ipapi.co/3.111.29.1/json/"",""response"":{""error"":true,""reason"":""RateLimited"",""message"":""Visit https://ipapi.co/ratelimited/ for details""}}",2026-01-02 14:14:36
45,bb2418c4-a8f7-41d9-a059-85e7fea6a752,,,,,,,"Mozilla/5.0 (Macintosh; Intel Mac OS X 10_15_7) AppleWebKit/537.36 (KHTML, like Gecko) Chrome/143.0.0.0 Safari/537.36",3.111.29.1,"{""endpoint"":""https://ipapi.co/3.111.29.1/json/"",""response"":{""error"":true,""reason"":""RateLimited"",""message"":""Visit https://ipapi.co/ratelimited/ for details""}}",2026-01-02 14:33:29
46,0aa04371-cb83-441a-8b2d-c21c8f0d9b7b,,,,,,,"Mozilla/5.0 (iPhone; CPU iPhone OS 18_7_2 like Mac OS X) AppleWebKit/605.1.15 (KHTML, like Gecko) Version/18.7.2 Mobile/15E148 Safari/604.1",3.111.29.1,"{""endpoint"":""https://ipapi.co/3.111.29.1/json/"",""response"":{""error"":true,""reason"":""RateLimited"",""message"":""Visit https://ipapi.co/ratelimited/ for details""}}",2026-01-02 14:49:01
47,6c935f94-3c09-4fa7-94f5-1d77d5a8c153,,,,,,,"Mozilla/5.0 (Windows NT 10.0; Win64; x64) AppleWebKit/537.36 (KHTML, like Gecko) Chrome/143.0.0.0 Safari/537.36",3.111.29.1,"{""endpoint"":""https://ipapi.co/3.111.29.1/json/"",""response"":{""error"":true,""reason"":""RateLimited"",""message"":""Visit https://ipapi.co/ratelimited/ for details""}}",2026-01-02 15:24:55
48,ef5bdac3-9f95-4e98-8fad-1a34d906de41,,,,,,,"Mozilla/5.0 (iPhone; CPU iPhone OS 18_7_2 like Mac OS X) AppleWebKit/605.1.15 (KHTML, like Gecko) CriOS/143.0.7499.151 Mobile/15E148 Safari/604.1",3.111.29.1,"{""endpoint"":""https://ipapi.co/3.111.29.1/json/"",""response"":{""error"":true,""reason"":""RateLimited"",""message"":""Visit https://ipapi.co/ratelimited/ for details""}}",2026-01-02 15:28:04
49,ef5bdac3-9f95-4e98-8fad-1a34d906de41,,,,,,,"Mozilla/5.0 (iPhone; CPU iPhone OS 18_7_2 like Mac OS X) AppleWebKit/605.1.15 (KHTML, like Gecko) CriOS/143.0.7499.151 Mobile/15E148 Safari/604.1",3.111.29.1,"{""endpoint"":""https://ipapi.co/3.111.29.1/json/"",""response"":{""error"":true,""reason"":""RateLimited"",""message"":""Visit https://ipapi.co/ratelimited/ for details""}}",2026-01-02 15:28:06
50,ef5bdac3-9f95-4e98-8fad-1a34d906de41,,,,,,,"Mozilla/5.0 (iPhone; CPU iPhone OS 18_7_2 like Mac OS X) AppleWebKit/605.1.15 (KHTML, like Gecko) CriOS/143.0.7499.151 Mobile/15E148 Safari/604.1",3.111.29.1,"{""endpoint"":""https://ipapi.co/3.111.29.1/json/"",""response"":{""error"":true,""reason"":""RateLimited"",""message"":""Visit https://ipapi.co/ratelimited/ for details""}}",2026-01-02 15:28:27
51,e816bee1-e979-4781-9878-80e28e24366f,,,,,,,"Mozilla/5.0 (iPhone; CPU iPhone OS 18_7 like Mac OS X) AppleWebKit/605.1.15 (KHTML, like Gecko) Version/18.7.2 Mobile/15E148 Safari/604.1",3.111.29.1,"{""endpoint"":""https://ipapi.co/3.111.29.1/json/"",""response"":{""error"":true,""reason"":""RateLimited"",""message"":""Visit https://ipapi.co/ratelimited/ for details""}}",2026-01-02 15:28:41
52,83f2c116-4016-4fd3-a4cf-68216ed89471,,,,,,,"Mozilla/5.0 (iPhone; CPU iPhone OS 18_5 like Mac OS X) AppleWebKit/605.1.15 (KHTML, like Gecko) Version/18.5 Mobile/15E148 Safari/604.1",3.111.29.1,"{""endpoint"":""https://ipapi.co/3.111.29.1/json/"",""response"":{""ip"":""3.111.29.1"",""network"":""3.111.0.0/18"",""version"":""IPv4"",""city"":""Mumbai"",""region"":""Maharashtra"",""region_code"":""MH"",""country"":""IN"",""country_name"":""India"",""country_code"":""IN"",""country_code_iso3"":""IND"",""country_capital"":""New Delhi"",""country_tld"":"".in"",""continent_code"":""AS"",""in_eu"":false,""postal"":""400072"",""latitude"":19.0931,""longitude"":72.9049,""timezone"":""Asia/Kolkata"",""utc_offset"":""+0530"",""country_calling_code"":""+91"",""currency"":""INR"",""currency_name"":""Rupee"",""languages"":""en-IN,hi,bn,te,mr,ta,ur,gu,kn,ml,or,pa,as,bh,sat,ks,ne,sd,kok,doi,mni,sit,sa,fr,lus,inc"",""country_area"":3287590,""country_population"":1352617328,""asn"":""AS16509"",""org"":""AMAZON-02""}}",2026-01-02 15:42:59
53,bba97e32-59ff-4a2c-8a71-1d8e34b94130,,,,,,,"Mozilla/5.0 (Macintosh; Intel Mac OS X 10_15_7) AppleWebKit/537.36 (KHTML, like Gecko) Chrome/143.0.0.0 Safari/537.36",3.111.29.1,"{""endpoint"":""https://ipapi.co/3.111.29.1/json/"",""response"":{""error"":true,""reason"":""RateLimited"",""message"":""Visit https://ipapi.co/ratelimited/ for details""}}",2026-01-02 16:54:36
54,1259d046-637d-4d86-b66f-53523adabcd0,,,,,,,"Mozilla/5.0 (Linux; Android 10; K) AppleWebKit/537.36 (KHTML, like Gecko) SamsungBrowser/29.0 Chrome/136.0.0.0 Mobile Safari/537.36",3.111.29.1,"{""endpoint"":""https://ipapi.co/3.111.29.1/json/"",""response"":{""error"":true,""reason"":""RateLimited"",""message"":""Visit https://ipapi.co/ratelimited/ for details""}}",2026-01-02 16:57:28
55,bba97e32-59ff-4a2c-8a71-1d8e34b94130,,,,,,,"Mozilla/5.0 (Macintosh; Intel Mac OS X 10_15_7) AppleWebKit/537.36 (KHTML, like Gecko) Chrome/143.0.0.0 Safari/537.36",3.111.29.1,"{""endpoint"":""https://ipapi.co/3.111.29.1/json/"",""response"":{""error"":true,""reason"":""RateLimited"",""message"":""Visit https://ipapi.co/ratelimited/ for details""}}",2026-01-02 17:15:34
56,5798929f-f82b-44ed-ac49-bf2977ef307f,,,,,,,"Mozilla/5.0 (Macintosh; Intel Mac OS X 10_15_7) AppleWebKit/537.36 (KHTML, like Gecko) Chrome/143.0.0.0 Safari/537.36",3.111.29.1,"{""endpoint"":""https://ipapi.co/3.111.29.1/json/"",""response"":{""error"":true,""reason"":""RateLimited"",""message"":""Visit https://ipapi.co/ratelimited/ for details""}}",2026-01-02 17:43:16
57,b0f1a759-9241-4e69-afe2-d98e34e399b1,,,,,,,"Mozilla/5.0 (Macintosh; Intel Mac OS X 10_15_7) AppleWebKit/537.36 (KHTML, like Gecko) Chrome/143.0.0.0 Safari/537.36",3.111.29.1,"{""endpoint"":""https://ipapi.co/3.111.29.1/json/"",""response"":{""error"":true,""reason"":""RateLimited"",""message"":""Visit https://ipapi.co/ratelimited/ for details""}}",2026-01-03 05:04:10
58,b0f1a759-9241-4e69-afe2-d98e34e399b1,,,,,,,"Mozilla/5.0 (Macintosh; Intel Mac OS X 10_15_7) AppleWebKit/537.36 (KHTML, like Gecko) Chrome/143.0.0.0 Safari/537.36",3.111.29.1,"{""endpoint"":""https://ipapi.co/3.111.29.1/json/"",""response"":{""error"":true,""reason"":""RateLimited"",""message"":""Visit https://ipapi.co/ratelimited/ for details""}}",2026-01-03 05:15:53
59,455012c1-0804-4964-8114-b1c8db73bbba,,,,,,,"Mozilla/5.0 (Macintosh; Intel Mac OS X 10_15_7) AppleWebKit/537.36 (KHTML, like Gecko) Chrome/143.0.0.0 Safari/537.36",3.111.29.1,"{""endpoint"":""https://ipapi.co/3.111.29.1/json/"",""response"":{""error"":true,""reason"":""RateLimited"",""message"":""Visit https://ipapi.co/ratelimited/ for details""}}",2026-01-03 05:22:38
60,bba97e32-59ff-4a2c-8a71-1d8e34b94130,,,,,,,"Mozilla/5.0 (Macintosh; Intel Mac OS X 10_15_7) AppleWebKit/537.36 (KHTML, like Gecko) Chrome/143.0.0.0 Safari/537.36",3.111.29.1,"{""endpoint"":""https://ipapi.co/3.111.29.1/json/"",""response"":{""error"":true,""reason"":""RateLimited"",""message"":""Visit https://ipapi.co/ratelimited/ for details""}}",2026-01-03 05:22:55
61,ef5bdac3-9f95-4e98-8fad-1a34d906de41,,,,,,,"Mozilla/5.0 (iPhone; CPU iPhone OS 18_7_2 like Mac OS X) AppleWebKit/605.1.15 (KHTML, like Gecko) CriOS/143.0.7499.151 Mobile/15E148 Safari/604.1",3.111.29.1,"{""endpoint"":""https://ipapi.co/3.111.29.1/json/"",""response"":{""error"":true,""reason"":""RateLimited"",""message"":""Visit https://ipapi.co/ratelimited/ for details""}}",2026-01-03 05:39:03
62,ef5bdac3-9f95-4e98-8fad-1a34d906de41,,,,,,,"Mozilla/5.0 (iPhone; CPU iPhone OS 18_7_2 like Mac OS X) AppleWebKit/605.1.15 (KHTML, like Gecko) CriOS/143.0.7499.151 Mobile/15E148 Safari/604.1",3.111.29.1,"{""endpoint"":""https://ipapi.co/3.111.29.1/json/"",""response"":{""error"":true,""reason"":""RateLimited"",""message"":""Visit https://ipapi.co/ratelimited/ for details""}}",2026-01-03 05:39:11
63,ef5bdac3-9f95-4e98-8fad-1a34d906de41,,,,,,,"Mozilla/5.0 (iPhone; CPU iPhone OS 18_7_2 like Mac OS X) AppleWebKit/605.1.15 (KHTML, like Gecko) CriOS/143.0.7499.151 Mobile/15E148 Safari/604.1",3.111.29.1,"{""endpoint"":""https://ipapi.co/3.111.29.1/json/"",""response"":{""error"":true,""reason"":""RateLimited"",""message"":""Visit https://ipapi.co/ratelimited/ for details""}}",2026-01-03 05:43:54
